city	code	candidate	n
Abancourt	59001	Le Pen	158
Abancourt	59001	Macron	141
Abscon	59002	Le Pen	1446
Abscon	59002	Macron	582
Aibes	59003	Le Pen	122
Aibes	59003	Macron	66
Aix	59004	Macron	466
Aix	59004	Le Pen	296
Allennes-les-Marais	59005	Macron	1101
Allennes-les-Marais	59005	Le Pen	996
Amfroipret	59006	Le Pen	72
Amfroipret	59006	Macron	59
Anhiers	59007	Le Pen	335
Anhiers	59007	Macron	144
Aniche	59008	Le Pen	2997
Aniche	59008	Macron	1276
Anneux	59010	Macron	69
Anneux	59010	Le Pen	69
Annoeullin	59011	Macron	2644
Annoeullin	59011	Le Pen	2499
Anor	59012	Le Pen	947
Anor	59012	Macron	511
Anstaing	59013	Macron	609
Anstaing	59013	Le Pen	270
Anzin	59014	Le Pen	3241
Anzin	59014	Macron	1884
Arleux	59015	Le Pen	1199
Arleux	59015	Macron	582
Armbouts-Cappel	59016	Le Pen	774
Armbouts-Cappel	59016	Macron	608
Armentières	59017	Macron	5289
Armentières	59017	Le Pen	5039
Arnèke	59018	Le Pen	415
Arnèke	59018	Macron	411
Artres	59019	Le Pen	272
Artres	59019	Macron	268
Assevent	59021	Le Pen	524
Assevent	59021	Macron	332
Attiches	59022	Macron	798
Attiches	59022	Le Pen	593
Aubencheul-au-Bac	59023	Le Pen	201
Aubencheul-au-Bac	59023	Macron	114
Auberchicourt	59024	Le Pen	1394
Auberchicourt	59024	Macron	799
Aubers	59025	Macron	694
Aubers	59025	Le Pen	436
Aubigny-au-Bac	59026	Le Pen	470
Aubigny-au-Bac	59026	Macron	199
Aubry-du-Hainaut	59027	Macron	514
Aubry-du-Hainaut	59027	Le Pen	414
Auby	59028	Le Pen	1972
Auby	59028	Macron	1211
Auchy-lez-Orchies	59029	Macron	483
Auchy-lez-Orchies	59029	Le Pen	325
Audignies	59031	Le Pen	135
Audignies	59031	Macron	69
Aulnoy-lez-Valenciennes	59032	Le Pen	1610
Aulnoy-lez-Valenciennes	59032	Macron	1340
Aulnoye-Aymeries	59033	Le Pen	2413
Aulnoye-Aymeries	59033	Macron	1536
Avelin	59034	Macron	1129
Avelin	59034	Le Pen	595
Avesnelles	59035	Le Pen	703
Avesnelles	59035	Macron	524
Avesnes-le-Sec	59038	Le Pen	491
Avesnes-le-Sec	59038	Macron	277
Avesnes-les-Aubert	59037	Le Pen	1292
Avesnes-les-Aubert	59037	Macron	531
Avesnes-sur-Helpe	59036	Le Pen	972
Avesnes-sur-Helpe	59036	Macron	749
Awoingt	59039	Le Pen	269
Awoingt	59039	Macron	222
Bachant	59041	Le Pen	799
Bachant	59041	Macron	312
Bachy	59042	Macron	675
Bachy	59042	Le Pen	382
Bailleul	59043	Macron	4066
Bailleul	59043	Le Pen	3666
Baisieux	59044	Macron	1884
Baisieux	59044	Le Pen	1025
Baives	59045	Le Pen	34
Baives	59045	Macron	25
Bambecque	59046	Le Pen	240
Bambecque	59046	Macron	196
Banteux	59047	Le Pen	127
Banteux	59047	Macron	51
Bantigny	59048	Le Pen	169
Bantigny	59048	Macron	113
Bantouzelle	59049	Le Pen	136
Bantouzelle	59049	Macron	78
Bas-Lieu	59050	Le Pen	93
Bas-Lieu	59050	Macron	83
Bauvin	59052	Le Pen	1687
Bauvin	59052	Macron	1108
Bavay	59053	Le Pen	886
Bavay	59053	Macron	710
Bavinchove	59054	Le Pen	323
Bavinchove	59054	Macron	272
Bazuel	59055	Le Pen	188
Bazuel	59055	Macron	106
Beaucamps-Ligny	59056	Macron	414
Beaucamps-Ligny	59056	Le Pen	180
Beaudignies	59057	Le Pen	189
Beaudignies	59057	Macron	148
Beaufort	59058	Le Pen	356
Beaufort	59058	Macron	205
Beaumont-en-Cambrésis	59059	Le Pen	172
Beaumont-en-Cambrésis	59059	Macron	88
Beaurain	59060	Le Pen	111
Beaurain	59060	Macron	47
Beaurepaire-sur-Sambre	59061	Le Pen	77
Beaurepaire-sur-Sambre	59061	Macron	51
Beaurieux	59062	Macron	39
Beaurieux	59062	Le Pen	38
Beauvois-en-Cambrésis	59063	Le Pen	669
Beauvois-en-Cambrésis	59063	Macron	389
Bellaing	59064	Le Pen	404
Bellaing	59064	Macron	297
Bellignies	59065	Le Pen	245
Bellignies	59065	Macron	176
Bergues	59067	Macron	972
Bergues	59067	Le Pen	937
Berlaimont	59068	Le Pen	908
Berlaimont	59068	Macron	602
Bermerain	59069	Le Pen	249
Bermerain	59069	Macron	185
Bermeries	59070	Le Pen	113
Bermeries	59070	Macron	74
Bersillies	59072	Macron	72
Bersillies	59072	Le Pen	66
Bersée	59071	Macron	941
Bersée	59071	Le Pen	566
Berthen	59073	Macron	204
Berthen	59073	Le Pen	150
Bertry	59074	Le Pen	729
Bertry	59074	Macron	377
Bettignies	59076	Le Pen	86
Bettignies	59076	Macron	63
Bettrechies	59077	Le Pen	82
Bettrechies	59077	Macron	57
Beugnies	59078	Le Pen	183
Beugnies	59078	Macron	137
Beuvrages	59079	Le Pen	1709
Beuvrages	59079	Macron	1158
Beuvry-la-Forêt	59080	Macron	875
Beuvry-la-Forêt	59080	Le Pen	782
Bierne	59082	Le Pen	582
Bierne	59082	Macron	508
Bissezeele	59083	Le Pen	81
Bissezeele	59083	Macron	72
Blaringhem	59084	Le Pen	708
Blaringhem	59084	Macron	510
Blécourt	59085	Le Pen	126
Blécourt	59085	Macron	108
Boeschepe	59086	Macron	621
Boeschepe	59086	Le Pen	619
Bois-Grenier	59088	Macron	750
Bois-Grenier	59088	Le Pen	325
Bollezeele	59089	Le Pen	429
Bollezeele	59089	Macron	363
Bondues	59090	Macron	4916
Bondues	59090	Le Pen	1456
Borre	59091	Macron	206
Borre	59091	Le Pen	145
Bouchain	59092	Le Pen	1427
Bouchain	59092	Macron	701
Boulogne-sur-Helpe	59093	Macron	91
Boulogne-sur-Helpe	59093	Le Pen	89
Bourbourg	59094	Le Pen	2130
Bourbourg	59094	Macron	1266
Bourghelles	59096	Macron	718
Bourghelles	59096	Le Pen	332
Boursies	59097	Le Pen	143
Boursies	59097	Macron	66
Bousbecque	59098	Macron	1497
Bousbecque	59098	Le Pen	1145
Bousies	59099	Le Pen	539
Bousies	59099	Macron	336
Bousignies	59100	Macron	135
Bousignies	59100	Le Pen	91
Bousignies-sur-Roc	59101	Le Pen	98
Bousignies-sur-Roc	59101	Macron	56
Boussières-en-Cambrésis	59102	Le Pen	150
Boussières-en-Cambrésis	59102	Macron	91
Boussières-sur-Sambre	59103	Le Pen	160
Boussières-sur-Sambre	59103	Macron	106
Boussois	59104	Le Pen	933
Boussois	59104	Macron	473
Bouvignies	59105	Macron	560
Bouvignies	59105	Le Pen	378
Bouvines	59106	Macron	356
Bouvines	59106	Le Pen	120
Boëseghem	59087	Le Pen	255
Boëseghem	59087	Macron	205
Bray-Dunes	59107	Le Pen	1458
Bray-Dunes	59107	Macron	1159
Briastre	59108	Le Pen	252
Briastre	59108	Macron	129
Brillon	59109	Macron	291
Brillon	59109	Le Pen	181
Brouckerque	59110	Le Pen	468
Brouckerque	59110	Macron	413
Broxeele	59111	Le Pen	127
Broxeele	59111	Macron	99
Bruay-sur-l'Escaut	59112	Le Pen	3653
Bruay-sur-l'Escaut	59112	Macron	1673
Bruille-Saint-Amand	59114	Le Pen	495
Bruille-Saint-Amand	59114	Macron	377
Bruille-lez-Marchiennes	59113	Le Pen	439
Bruille-lez-Marchiennes	59113	Macron	235
Brunémont	59115	Le Pen	275
Brunémont	59115	Macron	115
Bry	59116	Macron	133
Bry	59116	Le Pen	90
Bugnicourt	59117	Le Pen	387
Bugnicourt	59117	Macron	238
Busigny	59118	Le Pen	876
Busigny	59118	Macron	422
Buysscheure	59119	Le Pen	179
Buysscheure	59119	Macron	155
Bérelles	59066	Le Pen	72
Bérelles	59066	Macron	16
Béthencourt	59075	Le Pen	289
Béthencourt	59075	Macron	134
Bévillers	59081	Le Pen	201
Bévillers	59081	Macron	114
Cagnoncles	59121	Le Pen	235
Cagnoncles	59121	Macron	143
Cambrai	59122	Le Pen	7350
Cambrai	59122	Macron	6542
Camphin-en-Carembault	59123	Macron	600
Camphin-en-Carembault	59123	Le Pen	437
Camphin-en-Pévèle	59124	Macron	932
Camphin-en-Pévèle	59124	Le Pen	482
Cantaing-sur-Escaut	59125	Le Pen	131
Cantaing-sur-Escaut	59125	Macron	99
Cantin	59126	Le Pen	545
Cantin	59126	Macron	363
Capelle	59127	Macron	51
Capelle	59127	Le Pen	47
Capinghem	59128	Macron	843
Capinghem	59128	Le Pen	440
Cappelle-Brouck	59130	Le Pen	415
Cappelle-Brouck	59130	Macron	263
Cappelle-en-Pévèle	59129	Macron	826
Cappelle-en-Pévèle	59129	Le Pen	495
Cappelle-la-Grande	59131	Le Pen	2858
Cappelle-la-Grande	59131	Macron	1525
Carnin	59133	Macron	387
Carnin	59133	Le Pen	303
Carnières	59132	Le Pen	415
Carnières	59132	Macron	183
Cartignies	59134	Le Pen	380
Cartignies	59134	Macron	246
Cassel	59135	Macron	680
Cassel	59135	Le Pen	520
Catillon-sur-Sambre	59137	Le Pen	283
Catillon-sur-Sambre	59137	Macron	161
Cattenières	59138	Le Pen	245
Cattenières	59138	Macron	127
Caudry	59139	Le Pen	4053
Caudry	59139	Macron	2143
Caullery	59140	Le Pen	192
Caullery	59140	Macron	76
Cauroir	59141	Le Pen	181
Cauroir	59141	Macron	144
Caëstre	59120	Macron	625
Caëstre	59120	Le Pen	506
Cerfontaine	59142	Le Pen	229
Cerfontaine	59142	Macron	151
Chemy	59145	Macron	294
Chemy	59145	Le Pen	185
Choisies	59147	Macron	20
Choisies	59147	Le Pen	19
Château-l'Abbaye	59144	Macron	249
Château-l'Abbaye	59144	Le Pen	227
Chéreng	59146	Macron	1380
Chéreng	59146	Le Pen	541
Clairfayts	59148	Le Pen	97
Clairfayts	59148	Macron	53
Clary	59149	Le Pen	407
Clary	59149	Macron	216
Cobrieux	59150	Macron	273
Cobrieux	59150	Le Pen	98
Colleret	59151	Le Pen	518
Colleret	59151	Macron	289
Comines	59152	Macron	3121
Comines	59152	Le Pen	3073
Condé-sur-l'Escaut	59153	Le Pen	2025
Condé-sur-l'Escaut	59153	Macron	1341
Coudekerque-Branche	59155	Le Pen	6053
Coudekerque-Branche	59155	Macron	4524
Courchelettes	59156	Le Pen	932
Courchelettes	59156	Macron	580
Cousolre	59157	Le Pen	589
Cousolre	59157	Macron	370
Coutiches	59158	Macron	1027
Coutiches	59158	Le Pen	863
Craywick	59159	Le Pen	264
Craywick	59159	Macron	135
Crespin	59160	Le Pen	1193
Crespin	59160	Macron	660
Crochte	59162	Macron	222
Crochte	59162	Le Pen	180
Croix	59163	Macron	6548
Croix	59163	Le Pen	2989
Croix-Caluyau	59164	Le Pen	84
Croix-Caluyau	59164	Macron	71
Crèvecoeur-sur-l'Escaut	59161	Le Pen	241
Crèvecoeur-sur-l'Escaut	59161	Macron	159
Cuincy	59165	Macron	1762
Cuincy	59165	Le Pen	1654
Curgies	59166	Macron	444
Curgies	59166	Le Pen	339
Cuvillers	59167	Le Pen	65
Cuvillers	59167	Macron	55
Cysoing	59168	Macron	1869
Cysoing	59168	Le Pen	1026
Damousies	59169	Le Pen	67
Damousies	59169	Macron	55
Dechy	59170	Le Pen	1467
Dechy	59170	Macron	788
Dehéries	59171	Macron	17
Dehéries	59171	Le Pen	12
Denain	59172	Le Pen	4061
Denain	59172	Macron	2643
Deûlémont	59173	Macron	600
Deûlémont	59173	Le Pen	476
Dimechaux	59174	Le Pen	100
Dimechaux	59174	Macron	85
Dimont	59175	Macron	94
Dimont	59175	Le Pen	87
Doignies	59176	Le Pen	158
Doignies	59176	Macron	70
Dompierre-sur-Helpe	59177	Le Pen	268
Dompierre-sur-Helpe	59177	Macron	177
Don	59670	Macron	439
Don	59670	Le Pen	353
Douai	59178	Macron	8187
Douai	59178	Le Pen	7322
Douchy-les-Mines	59179	Le Pen	2909
Douchy-les-Mines	59179	Macron	1572
Dourlers	59181	Le Pen	160
Dourlers	59181	Macron	147
Drincham	59182	Le Pen	76
Drincham	59182	Macron	64
Dunkerque	59183	Macron	20417
Dunkerque	59183	Le Pen	19343
Ebblinghem	59184	Le Pen	212
Ebblinghem	59184	Macron	144
Ecaillon	59185	Le Pen	606
Ecaillon	59185	Macron	343
Eccles	59186	Le Pen	27
Eccles	59186	Macron	20
Eclaibes	59187	Le Pen	93
Eclaibes	59187	Macron	88
Ecuélin	59188	Le Pen	54
Ecuélin	59188	Macron	26
Eecke	59189	Macron	382
Eecke	59189	Le Pen	360
Elesmes	59190	Le Pen	316
Elesmes	59190	Macron	249
Elincourt	59191	Le Pen	256
Elincourt	59191	Macron	97
Emerchicourt	59192	Le Pen	335
Emerchicourt	59192	Macron	143
Emmerin	59193	Macron	1084
Emmerin	59193	Le Pen	629
Englefontaine	59194	Le Pen	402
Englefontaine	59194	Macron	287
Englos	59195	Macron	244
Englos	59195	Le Pen	132
Ennetières-en-Weppes	59196	Macron	584
Ennetières-en-Weppes	59196	Le Pen	238
Ennevelin	59197	Macron	997
Ennevelin	59197	Le Pen	492
Eppe-Sauvage	59198	Macron	45
Eppe-Sauvage	59198	Le Pen	41
Erchin	59199	Macron	211
Erchin	59199	Le Pen	208
Eringhem	59200	Le Pen	192
Eringhem	59200	Macron	104
Erquinghem-Lys	59202	Macron	1478
Erquinghem-Lys	59202	Le Pen	1327
Erquinghem-le-Sec	59201	Macron	247
Erquinghem-le-Sec	59201	Le Pen	122
Erre	59203	Le Pen	552
Erre	59203	Macron	290
Escarmain	59204	Le Pen	183
Escarmain	59204	Macron	109
Escaudain	59205	Le Pen	2541
Escaudain	59205	Macron	1229
Escaudoeuvres	59206	Le Pen	948
Escaudoeuvres	59206	Macron	603
Escautpont	59207	Le Pen	1434
Escautpont	59207	Macron	602
Escobecques	59208	Macron	153
Escobecques	59208	Le Pen	71
Esnes	59209	Le Pen	219
Esnes	59209	Macron	143
Esquelbecq	59210	Macron	709
Esquelbecq	59210	Le Pen	566
Esquerchin	59211	Le Pen	247
Esquerchin	59211	Macron	220
Estaires	59212	Le Pen	2137
Estaires	59212	Macron	1532
Estourmel	59213	Le Pen	142
Estourmel	59213	Macron	141
Estreux	59215	Macron	342
Estreux	59215	Le Pen	252
Estrun	59219	Le Pen	286
Estrun	59219	Macron	138
Estrées	59214	Le Pen	365
Estrées	59214	Macron	272
Eswars	59216	Le Pen	140
Eswars	59216	Macron	85
Eth	59217	Macron	107
Eth	59217	Le Pen	94
Etroeungt	59218	Le Pen	405
Etroeungt	59218	Macron	267
Faches-Thumesnil	59220	Macron	5394
Faches-Thumesnil	59220	Le Pen	2638
Famars	59221	Macron	694
Famars	59221	Le Pen	543
Faumont	59222	Macron	765
Faumont	59222	Le Pen	588
Feignies	59225	Le Pen	1740
Feignies	59225	Macron	1133
Felleries	59226	Le Pen	375
Felleries	59226	Macron	263
Fenain	59227	Le Pen	1921
Fenain	59227	Macron	861
Ferrière-la-Grande	59230	Le Pen	1661
Ferrière-la-Grande	59230	Macron	840
Ferrière-la-Petite	59231	Le Pen	347
Ferrière-la-Petite	59231	Macron	187
Flaumont-Waudrechies	59233	Le Pen	118
Flaumont-Waudrechies	59233	Macron	55
Flers-en-Escrebieux	59234	Le Pen	1525
Flers-en-Escrebieux	59234	Macron	939
Flesquières	59236	Le Pen	83
Flesquières	59236	Macron	64
Flines-lez-Raches	59239	Le Pen	1598
Flines-lez-Raches	59239	Macron	1549
Flines-lès-Mortagne	59238	Le Pen	439
Flines-lès-Mortagne	59238	Macron	380
Floursies	59240	Le Pen	49
Floursies	59240	Macron	35
Floyon	59241	Le Pen	151
Floyon	59241	Macron	83
Flêtre	59237	Le Pen	274
Flêtre	59237	Macron	260
Fontaine-Notre-Dame	59244	Le Pen	584
Fontaine-Notre-Dame	59244	Macron	401
Fontaine-au-Bois	59242	Le Pen	292
Fontaine-au-Bois	59242	Macron	136
Fontaine-au-Pire	59243	Le Pen	407
Fontaine-au-Pire	59243	Macron	185
Forest-en-Cambrésis	59246	Le Pen	185
Forest-en-Cambrésis	59246	Macron	119
Forest-sur-Marque	59247	Macron	659
Forest-sur-Marque	59247	Le Pen	283
Fourmies	59249	Le Pen	3462
Fourmies	59249	Macron	1747
Fournes-en-Weppes	59250	Macron	917
Fournes-en-Weppes	59250	Le Pen	416
Frasnoy	59251	Le Pen	129
Frasnoy	59251	Macron	77
Frelinghien	59252	Macron	942
Frelinghien	59252	Le Pen	596
Fresnes-sur-Escaut	59253	Le Pen	2099
Fresnes-sur-Escaut	59253	Macron	989
Fressain	59254	Le Pen	316
Fressain	59254	Macron	201
Fressies	59255	Le Pen	245
Fressies	59255	Macron	96
Fretin	59256	Macron	1160
Fretin	59256	Le Pen	678
Fromelles	59257	Macron	421
Fromelles	59257	Le Pen	252
Féchain	59224	Le Pen	564
Féchain	59224	Macron	276
Férin	59228	Le Pen	476
Férin	59228	Macron	399
Féron	59229	Macron	162
Féron	59229	Le Pen	149
Genech	59258	Macron	1034
Genech	59258	Le Pen	452
Ghissignies	59259	Macron	176
Ghissignies	59259	Le Pen	134
Ghyvelde	59260	Le Pen	1081
Ghyvelde	59260	Macron	759
Glageon	59261	Le Pen	517
Glageon	59261	Macron	232
Godewaersvelde	59262	Macron	602
Godewaersvelde	59262	Le Pen	556
Goeulzin	59263	Le Pen	358
Goeulzin	59263	Macron	278
Gognies-Chaussée	59264	Le Pen	196
Gognies-Chaussée	59264	Macron	139
Gommegnies	59265	Le Pen	707
Gommegnies	59265	Macron	572
Gondecourt	59266	Macron	1472
Gondecourt	59266	Le Pen	973
Gonnelieu	59267	Le Pen	108
Gonnelieu	59267	Macron	57
Gouzeaucourt	59269	Le Pen	486
Gouzeaucourt	59269	Macron	306
Grand-Fayt	59270	Le Pen	170
Grand-Fayt	59270	Macron	97
Grand-Fort-Philippe	59272	Le Pen	1914
Grand-Fort-Philippe	59272	Macron	844
Grande-Synthe	59271	Le Pen	4105
Grande-Synthe	59271	Macron	3925
Gravelines	59273	Le Pen	3849
Gravelines	59273	Macron	2341
Gruson	59275	Macron	677
Gruson	59275	Le Pen	164
Guesnain	59276	Le Pen	1505
Guesnain	59276	Macron	808
Gussignies	59277	Macron	78
Gussignies	59277	Le Pen	60
Hallennes-lez-Haubourdin	59278	Macron	1344
Hallennes-lez-Haubourdin	59278	Le Pen	1091
Halluin	59279	Macron	4951
Halluin	59279	Le Pen	4546
Hamel	59280	Le Pen	304
Hamel	59280	Macron	164
Hantay	59281	Macron	350
Hantay	59281	Le Pen	315
Hardifort	59282	Le Pen	135
Hardifort	59282	Macron	117
Hargnies	59283	Le Pen	222
Hargnies	59283	Macron	136
Hasnon	59284	Le Pen	1215
Hasnon	59284	Macron	953
Haspres	59285	Le Pen	889
Haspres	59285	Macron	485
Haubourdin	59286	Macron	3180
Haubourdin	59286	Le Pen	3162
Haucourt-en-Cambrésis	59287	Le Pen	100
Haucourt-en-Cambrésis	59287	Macron	30
Haulchin	59288	Le Pen	807
Haulchin	59288	Macron	417
Haussy	59289	Le Pen	456
Haussy	59289	Macron	303
Haut-Lieu	59290	Le Pen	133
Haut-Lieu	59290	Macron	87
Hautmont	59291	Le Pen	3390
Hautmont	59291	Macron	1917
Haveluy	59292	Le Pen	1029
Haveluy	59292	Macron	435
Haverskerque	59293	Le Pen	444
Haverskerque	59293	Macron	383
Haynecourt	59294	Le Pen	130
Haynecourt	59294	Macron	78
Hazebrouck	59295	Le Pen	5726
Hazebrouck	59295	Macron	5585
Hecq	59296	Le Pen	127
Hecq	59296	Macron	89
Hem	59299	Macron	6302
Hem	59299	Le Pen	2684
Hem-Lenglet	59300	Le Pen	211
Hem-Lenglet	59300	Macron	108
Hergnies	59301	Le Pen	1360
Hergnies	59301	Macron	838
Herlies	59303	Macron	822
Herlies	59303	Le Pen	542
Herrin	59304	Macron	178
Herrin	59304	Le Pen	94
Herzeele	59305	Le Pen	499
Herzeele	59305	Macron	481
Hestrud	59306	Le Pen	64
Hestrud	59306	Macron	59
Holque	59307	Le Pen	362
Holque	59307	Macron	165
Hon-Hergies	59310	Le Pen	200
Hon-Hergies	59310	Macron	137
Hondeghem	59308	Macron	366
Hondeghem	59308	Le Pen	224
Hondschoote	59309	Le Pen	1184
Hondschoote	59309	Macron	819
Honnechy	59311	Le Pen	213
Honnechy	59311	Macron	56
Honnecourt-sur-Escaut	59312	Le Pen	248
Honnecourt-sur-Escaut	59312	Macron	116
Hordain	59313	Le Pen	558
Hordain	59313	Macron	259
Hornaing	59314	Le Pen	1269
Hornaing	59314	Macron	626
Houdain-lez-Bavay	59315	Le Pen	252
Houdain-lez-Bavay	59315	Macron	208
Houplin-Ancoisne	59316	Macron	1107
Houplin-Ancoisne	59316	Le Pen	869
Houplines	59317	Le Pen	1845
Houplines	59317	Macron	1826
Houtkerque	59318	Le Pen	328
Houtkerque	59318	Macron	203
Hoymille	59319	Macron	1008
Hoymille	59319	Le Pen	980
Hélesmes	59297	Le Pen	668
Hélesmes	59297	Macron	365
Hérin	59302	Le Pen	1301
Hérin	59302	Macron	674
Illies	59320	Macron	438
Illies	59320	Le Pen	433
Inchy	59321	Le Pen	239
Inchy	59321	Macron	118
Iwuy	59322	Le Pen	1248
Iwuy	59322	Macron	546
Jenlain	59323	Macron	369
Jenlain	59323	Le Pen	317
Jeumont	59324	Le Pen	2205
Jeumont	59324	Macron	1462
Jolimetz	59325	Macron	283
Jolimetz	59325	Le Pen	267
Killem	59326	Le Pen	378
Killem	59326	Macron	227
La Bassée	59051	Le Pen	1656
La Bassée	59051	Macron	1371
La Chapelle-d'Armentières	59143	Macron	2498
La Chapelle-d'Armentières	59143	Le Pen	1864
La Flamengrie	59232	Le Pen	119
La Flamengrie	59232	Macron	114
La Gorgue	59268	Le Pen	1783
La Gorgue	59268	Macron	1140
La Groise	59274	Le Pen	164
La Groise	59274	Macron	81
La Longueville	59357	Le Pen	639
La Longueville	59357	Macron	459
La Madeleine	59368	Macron	7927
La Madeleine	59368	Le Pen	2627
La Neuville	59427	Macron	238
La Neuville	59427	Le Pen	150
La Sentinelle	59564	Le Pen	893
La Sentinelle	59564	Macron	513
Lallaing	59327	Le Pen	2239
Lallaing	59327	Macron	949
Lambersart	59328	Macron	11170
Lambersart	59328	Le Pen	3213
Lambres-lez-Douai	59329	Le Pen	1343
Lambres-lez-Douai	59329	Macron	1131
Landas	59330	Macron	856
Landas	59330	Le Pen	675
Landrecies	59331	Le Pen	1104
Landrecies	59331	Macron	642
Lannoy	59332	Macron	400
Lannoy	59332	Le Pen	278
Larouillies	59333	Le Pen	75
Larouillies	59333	Macron	55
Lauwin-Planque	59334	Le Pen	516
Lauwin-Planque	59334	Macron	465
Le Cateau-Cambrésis	59136	Le Pen	1899
Le Cateau-Cambrésis	59136	Macron	960
Le Doulieu	59180	Macron	495
Le Doulieu	59180	Le Pen	370
Le Favril	59223	Le Pen	165
Le Favril	59223	Macron	107
Le Maisnil	59371	Macron	296
Le Maisnil	59371	Le Pen	116
Le Quesnoy	59481	Le Pen	1283
Le Quesnoy	59481	Macron	992
Lecelles	59335	Macron	1040
Lecelles	59335	Le Pen	747
Lederzeele	59337	Le Pen	231
Lederzeele	59337	Macron	194
Ledringhem	59338	Macron	204
Ledringhem	59338	Le Pen	189
Leers	59339	Macron	3054
Leers	59339	Le Pen	2378
Leffrinckoucke	59340	Macron	1325
Leffrinckoucke	59340	Le Pen	1182
Les Rues-des-Vignes	59517	Le Pen	240
Les Rues-des-Vignes	59517	Macron	188
Lesdain	59341	Le Pen	130
Lesdain	59341	Macron	105
Lesquin	59343	Macron	2698
Lesquin	59343	Le Pen	1729
Leval	59344	Le Pen	795
Leval	59344	Macron	380
Lewarde	59345	Le Pen	709
Lewarde	59345	Macron	461
Lez-Fontaine	59342	Macron	69
Lez-Fontaine	59342	Le Pen	58
Lezennes	59346	Macron	1127
Lezennes	59346	Le Pen	588
Liessies	59347	Le Pen	158
Liessies	59347	Macron	127
Lieu-Saint-Amand	59348	Le Pen	550
Lieu-Saint-Amand	59348	Macron	272
Ligny-en-Cambrésis	59349	Le Pen	677
Ligny-en-Cambrésis	59349	Macron	308
Lille	59350	Macron	59921
Lille	59350	Le Pen	18342
Limont-Fontaine	59351	Le Pen	214
Limont-Fontaine	59351	Macron	133
Linselles	59352	Macron	2985
Linselles	59352	Le Pen	1770
Locquignol	59353	Le Pen	110
Locquignol	59353	Macron	70
Loffre	59354	Macron	228
Loffre	59354	Le Pen	218
Lompret	59356	Macron	1068
Lompret	59356	Le Pen	334
Looberghe	59358	Le Pen	428
Looberghe	59358	Macron	265
Loon-Plage	59359	Le Pen	2181
Loon-Plage	59359	Macron	1173
Loos	59360	Macron	4521
Loos	59360	Le Pen	3231
Lourches	59361	Le Pen	868
Lourches	59361	Macron	499
Louvignies-Quesnoy	59363	Le Pen	278
Louvignies-Quesnoy	59363	Macron	234
Louvil	59364	Macron	417
Louvil	59364	Le Pen	127
Louvroil	59365	Le Pen	1133
Louvroil	59365	Macron	916
Lynde	59366	Le Pen	255
Lynde	59366	Macron	215
Lys-lez-Lannoy	59367	Macron	3433
Lys-lez-Lannoy	59367	Le Pen	2672
Lécluse	59336	Le Pen	500
Lécluse	59336	Macron	225
Maing	59369	Le Pen	1082
Maing	59369	Macron	965
Mairieux	59370	Macron	188
Mairieux	59370	Le Pen	187
Malincourt	59372	Le Pen	166
Malincourt	59372	Macron	118
Marbaix	59374	Le Pen	164
Marbaix	59374	Macron	102
Marchiennes	59375	Le Pen	1405
Marchiennes	59375	Macron	1133
Marcoing	59377	Le Pen	695
Marcoing	59377	Macron	389
Marcq-en-Baroeul	59378	Macron	16061
Marcq-en-Baroeul	59378	Le Pen	4900
Marcq-en-Ostrevent	59379	Le Pen	260
Marcq-en-Ostrevent	59379	Macron	128
Maresches	59381	Macron	263
Maresches	59381	Le Pen	232
Maretz	59382	Le Pen	487
Maretz	59382	Macron	205
Marly	59383	Le Pen	2645
Marly	59383	Macron	2525
Maroilles	59384	Le Pen	464
Maroilles	59384	Macron	360
Marpent	59385	Le Pen	733
Marpent	59385	Macron	331
Marquette-en-Ostrevant	59387	Le Pen	615
Marquette-en-Ostrevant	59387	Macron	289
Marquette-lez-Lille	59386	Macron	3421
Marquette-lez-Lille	59386	Le Pen	2029
Marquillies	59388	Macron	637
Marquillies	59388	Le Pen	450
Masnières	59389	Le Pen	856
Masnières	59389	Macron	482
Masny	59390	Le Pen	1233
Masny	59390	Macron	692
Mastaing	59391	Le Pen	327
Mastaing	59391	Macron	203
Maubeuge	59392	Le Pen	5222
Maubeuge	59392	Macron	5092
Maulde	59393	Le Pen	302
Maulde	59393	Macron	249
Maurois	59394	Le Pen	136
Maurois	59394	Macron	52
Mazinghien	59395	Le Pen	105
Mazinghien	59395	Macron	45
Mecquignies	59396	Le Pen	222
Mecquignies	59396	Macron	126
Merckeghem	59397	Le Pen	221
Merckeghem	59397	Macron	150
Merris	59399	Macron	324
Merris	59399	Le Pen	324
Merville	59400	Le Pen	3242
Merville	59400	Macron	1847
Millam	59402	Le Pen	274
Millam	59402	Macron	194
Millonfosse	59403	Le Pen	216
Millonfosse	59403	Macron	197
Moeuvres	59405	Le Pen	180
Moeuvres	59405	Macron	70
Monceau-Saint-Waast	59406	Le Pen	115
Monceau-Saint-Waast	59406	Macron	105
Monchaux-sur-Ecaillon	59407	Le Pen	211
Monchaux-sur-Ecaillon	59407	Macron	173
Moncheaux	59408	Macron	578
Moncheaux	59408	Le Pen	388
Monchecourt	59409	Le Pen	885
Monchecourt	59409	Macron	417
Mons-en-Baroeul	59410	Macron	5351
Mons-en-Baroeul	59410	Le Pen	2466
Mons-en-Pévèle	59411	Macron	818
Mons-en-Pévèle	59411	Le Pen	433
Montay	59412	Le Pen	103
Montay	59412	Macron	44
Montigny-en-Cambrésis	59413	Le Pen	208
Montigny-en-Cambrésis	59413	Macron	132
Montigny-en-Ostrevent	59414	Le Pen	1438
Montigny-en-Ostrevent	59414	Macron	845
Montrécourt	59415	Le Pen	85
Montrécourt	59415	Macron	57
Morbecque	59416	Macron	765
Morbecque	59416	Le Pen	761
Mortagne-du-Nord	59418	Le Pen	441
Mortagne-du-Nord	59418	Macron	237
Mouchin	59419	Macron	496
Mouchin	59419	Le Pen	304
Moustier-en-Fagne	59420	Macron	16
Moustier-en-Fagne	59420	Le Pen	12
Mouvaux	59421	Macron	5555
Mouvaux	59421	Le Pen	1924
Mérignies	59398	Macron	1538
Mérignies	59398	Le Pen	613
Méteren	59401	Macron	752
Méteren	59401	Le Pen	564
Naves	59422	Le Pen	238
Naves	59422	Macron	143
Neuf-Berquin	59423	Le Pen	451
Neuf-Berquin	59423	Macron	311
Neuf-Mesnil	59424	Le Pen	389
Neuf-Mesnil	59424	Macron	189
Neuville-Saint-Rémy	59428	Le Pen	1158
Neuville-Saint-Rémy	59428	Macron	734
Neuville-en-Avesnois	59425	Macron	100
Neuville-en-Avesnois	59425	Le Pen	78
Neuville-en-Ferrain	59426	Macron	3298
Neuville-en-Ferrain	59426	Le Pen	2430
Neuville-sur-Escaut	59429	Le Pen	916
Neuville-sur-Escaut	59429	Macron	381
Neuvilly	59430	Le Pen	402
Neuvilly	59430	Macron	142
Nieppe	59431	Macron	2242
Nieppe	59431	Le Pen	2052
Niergnies	59432	Le Pen	171
Niergnies	59432	Macron	160
Nieurlet	59433	Le Pen	361
Nieurlet	59433	Macron	189
Nivelle	59434	Le Pen	429
Nivelle	59434	Macron	399
Nomain	59435	Macron	973
Nomain	59435	Le Pen	567
Noordpeene	59436	Le Pen	249
Noordpeene	59436	Macron	220
Noyelles-lès-Seclin	59437	Macron	365
Noyelles-lès-Seclin	59437	Le Pen	154
Noyelles-sur-Escaut	59438	Le Pen	282
Noyelles-sur-Escaut	59438	Macron	191
Noyelles-sur-Sambre	59439	Le Pen	85
Noyelles-sur-Sambre	59439	Macron	82
Noyelles-sur-Selle	59440	Le Pen	232
Noyelles-sur-Selle	59440	Macron	142
Obies	59441	Le Pen	196
Obies	59441	Macron	192
Obrechies	59442	Le Pen	112
Obrechies	59442	Macron	79
Ochtezeele	59443	Le Pen	122
Ochtezeele	59443	Macron	90
Odomez	59444	Le Pen	260
Odomez	59444	Macron	165
Ohain	59445	Le Pen	395
Ohain	59445	Macron	203
Oisy	59446	Macron	185
Oisy	59446	Le Pen	166
Onnaing	59447	Le Pen	2433
Onnaing	59447	Macron	1423
Oost-Cappel	59448	Le Pen	163
Oost-Cappel	59448	Macron	103
Orchies	59449	Le Pen	2348
Orchies	59449	Macron	2224
Ors	59450	Le Pen	240
Ors	59450	Macron	129
Orsinval	59451	Macron	193
Orsinval	59451	Le Pen	174
Ostricourt	59452	Le Pen	1376
Ostricourt	59452	Macron	1156
Oudezeele	59453	Macron	205
Oudezeele	59453	Le Pen	204
Oxelaëre	59454	Macron	167
Oxelaëre	59454	Le Pen	133
Paillencourt	59455	Le Pen	365
Paillencourt	59455	Macron	237
Pecquencourt	59456	Le Pen	2019
Pecquencourt	59456	Macron	913
Petit-Fayt	59461	Le Pen	130
Petit-Fayt	59461	Macron	56
Petite-Forêt	59459	Le Pen	1652
Petite-Forêt	59459	Macron	1007
Phalempin	59462	Macron	1801
Phalempin	59462	Le Pen	1027
Pitgam	59463	Le Pen	318
Pitgam	59463	Macron	252
Poix-du-Nord	59464	Le Pen	763
Poix-du-Nord	59464	Macron	366
Pommereuil	59465	Le Pen	291
Pommereuil	59465	Macron	109
Pont-sur-Sambre	59467	Le Pen	735
Pont-sur-Sambre	59467	Macron	501
Pont-à-Marcq	59466	Macron	983
Pont-à-Marcq	59466	Le Pen	676
Potelle	59468	Le Pen	135
Potelle	59468	Macron	125
Pradelles	59469	Le Pen	149
Pradelles	59469	Macron	129
Preux-au-Bois	59472	Le Pen	272
Preux-au-Bois	59472	Macron	191
Preux-au-Sart	59473	Le Pen	83
Preux-au-Sart	59473	Macron	79
Prisches	59474	Le Pen	333
Prisches	59474	Macron	219
Prouvy	59475	Le Pen	756
Prouvy	59475	Macron	450
Proville	59476	Macron	975
Proville	59476	Le Pen	946
Provin	59477	Le Pen	1363
Provin	59477	Macron	953
Prémesques	59470	Macron	829
Prémesques	59470	Le Pen	423
Préseau	59471	Le Pen	601
Préseau	59471	Macron	579
Pérenchies	59457	Macron	2397
Pérenchies	59457	Le Pen	1826
Péronne-en-Mélantois	59458	Macron	396
Péronne-en-Mélantois	59458	Le Pen	209
Quarouble	59479	Le Pen	1004
Quarouble	59479	Macron	587
Quaëdypre	59478	Le Pen	359
Quaëdypre	59478	Macron	331
Quesnoy-sur-Deûle	59482	Macron	2278
Quesnoy-sur-Deûle	59482	Le Pen	1500
Quiévelon	59483	Le Pen	54
Quiévelon	59483	Macron	30
Quiévrechain	59484	Le Pen	1354
Quiévrechain	59484	Macron	876
Quiévy	59485	Le Pen	690
Quiévy	59485	Macron	279
Quérénaing	59480	Macron	242
Quérénaing	59480	Le Pen	242
Radinghem-en-Weppes	59487	Macron	664
Radinghem-en-Weppes	59487	Le Pen	305
Raillencourt-Sainte-Olle	59488	Le Pen	670
Raillencourt-Sainte-Olle	59488	Macron	593
Raimbeaucourt	59489	Le Pen	1224
Raimbeaucourt	59489	Macron	932
Rainsars	59490	Le Pen	70
Rainsars	59490	Macron	47
Raismes	59491	Le Pen	3715
Raismes	59491	Macron	1949
Ramillies	59492	Le Pen	232
Ramillies	59492	Macron	96
Ramousies	59493	Le Pen	74
Ramousies	59493	Macron	57
Raucourt-au-Bois	59494	Le Pen	50
Raucourt-au-Bois	59494	Macron	29
Recquignies	59495	Le Pen	763
Recquignies	59495	Macron	261
Rejet-de-Beaulieu	59496	Le Pen	93
Rejet-de-Beaulieu	59496	Macron	46
Renescure	59497	Le Pen	699
Renescure	59497	Macron	596
Reumont	59498	Le Pen	126
Reumont	59498	Macron	75
Rexpoëde	59499	Le Pen	617
Rexpoëde	59499	Macron	466
Ribécourt-la-Tour	59500	Le Pen	143
Ribécourt-la-Tour	59500	Macron	96
Rieulay	59501	Le Pen	396
Rieulay	59501	Macron	308
Rieux-en-Cambrésis	59502	Le Pen	497
Rieux-en-Cambrésis	59502	Macron	246
Robersart	59503	Le Pen	64
Robersart	59503	Macron	47
Roeulx	59504	Le Pen	1200
Roeulx	59504	Macron	610
Rombies-et-Marchipont	59505	Le Pen	240
Rombies-et-Marchipont	59505	Macron	174
Romeries	59506	Le Pen	137
Romeries	59506	Macron	122
Ronchin	59507	Macron	5270
Ronchin	59507	Le Pen	2675
Roncq	59508	Macron	4628
Roncq	59508	Le Pen	2847
Roost-Warendin	59509	Le Pen	1970
Roost-Warendin	59509	Macron	1214
Rosult	59511	Macron	682
Rosult	59511	Le Pen	487
Roubaix	59512	Macron	16061
Roubaix	59512	Le Pen	6770
Roucourt	59513	Le Pen	157
Roucourt	59513	Macron	121
Rousies	59514	Le Pen	1228
Rousies	59514	Macron	786
Rouvignies	59515	Le Pen	221
Rouvignies	59515	Macron	128
Rubrouck	59516	Macron	280
Rubrouck	59516	Le Pen	271
Ruesnes	59518	Le Pen	131
Ruesnes	59518	Macron	128
Rumegies	59519	Le Pen	516
Rumegies	59519	Macron	502
Rumilly-en-Cambrésis	59520	Le Pen	447
Rumilly-en-Cambrésis	59520	Macron	374
Râches	59486	Le Pen	823
Râches	59486	Macron	587
Sailly-lez-Cambrai	59521	Le Pen	126
Sailly-lez-Cambrai	59521	Macron	100
Sailly-lez-Lannoy	59522	Macron	930
Sailly-lez-Lannoy	59522	Le Pen	295
Sainghin-en-Mélantois	59523	Macron	1230
Sainghin-en-Mélantois	59523	Le Pen	487
Sainghin-en-Weppes	59524	Macron	1721
Sainghin-en-Weppes	59524	Le Pen	1418
Sains-du-Nord	59525	Le Pen	849
Sains-du-Nord	59525	Macron	471
Saint-Amand-les-Eaux	59526	Le Pen	4150
Saint-Amand-les-Eaux	59526	Macron	3711
Saint-André-lez-Lille	59527	Macron	4119
Saint-André-lez-Lille	59527	Le Pen	1883
Saint-Aubert	59528	Le Pen	575
Saint-Aubert	59528	Macron	268
Saint-Aubin	59529	Le Pen	114
Saint-Aubin	59529	Macron	75
Saint-Aybert	59530	Le Pen	113
Saint-Aybert	59530	Macron	54
Saint-Benin	59531	Le Pen	119
Saint-Benin	59531	Macron	58
Saint-Georges-sur-l'Aa	59532	Le Pen	117
Saint-Georges-sur-l'Aa	59532	Macron	73
Saint-Hilaire-lez-Cambrai	59533	Le Pen	590
Saint-Hilaire-lez-Cambrai	59533	Macron	272
Saint-Hilaire-sur-Helpe	59534	Le Pen	235
Saint-Hilaire-sur-Helpe	59534	Macron	168
Saint-Jans-Cappel	59535	Macron	604
Saint-Jans-Cappel	59535	Le Pen	407
Saint-Martin-sur-Ecaillon	59537	Macron	164
Saint-Martin-sur-Ecaillon	59537	Le Pen	125
Saint-Momelin	59538	Le Pen	152
Saint-Momelin	59538	Macron	79
Saint-Pierre-Brouck	59539	Le Pen	325
Saint-Pierre-Brouck	59539	Macron	236
Saint-Python	59541	Le Pen	364
Saint-Python	59541	Macron	178
Saint-Remy-Chaussée	59542	Le Pen	169
Saint-Remy-Chaussée	59542	Macron	87
Saint-Remy-du-Nord	59543	Le Pen	400
Saint-Remy-du-Nord	59543	Macron	192
Saint-Saulve	59544	Macron	2855
Saint-Saulve	59544	Le Pen	2641
Saint-Souplet	59545	Le Pen	476
Saint-Souplet	59545	Macron	188
Saint-Sylvestre-Cappel	59546	Le Pen	384
Saint-Sylvestre-Cappel	59546	Macron	365
Saint-Vaast-en-Cambrésis	59547	Le Pen	316
Saint-Vaast-en-Cambrésis	59547	Macron	149
Saint-Waast	59548	Le Pen	228
Saint-Waast	59548	Macron	150
Sainte-Marie-Cappel	59536	Macron	340
Sainte-Marie-Cappel	59536	Le Pen	204
Salesches	59549	Le Pen	98
Salesches	59549	Macron	79
Salomé	59550	Le Pen	975
Salomé	59550	Macron	706
Saméon	59551	Macron	573
Saméon	59551	Le Pen	394
Sancourt	59552	Le Pen	75
Sancourt	59552	Macron	37
Santes	59553	Macron	2081
Santes	59553	Le Pen	1408
Sars-Poteries	59555	Le Pen	416
Sars-Poteries	59555	Macron	218
Sars-et-Rosières	59554	Macron	250
Sars-et-Rosières	59554	Le Pen	147
Sassegnies	59556	Le Pen	121
Sassegnies	59556	Macron	50
Saultain	59557	Le Pen	636
Saultain	59557	Macron	610
Saulzoir	59558	Le Pen	563
Saulzoir	59558	Macron	378
Sebourg	59559	Macron	642
Sebourg	59559	Le Pen	509
Seclin	59560	Macron	3196
Seclin	59560	Le Pen	2803
Semousies	59563	Le Pen	90
Semousies	59563	Macron	56
Sepmeries	59565	Macron	196
Sepmeries	59565	Le Pen	189
Sequedin	59566	Macron	1277
Sequedin	59566	Le Pen	1012
Sercus	59568	Macron	146
Sercus	59568	Le Pen	119
Sin-le-Noble	59569	Le Pen	3968
Sin-le-Noble	59569	Macron	2658
Socx	59570	Macron	376
Socx	59570	Le Pen	226
Solesmes	59571	Le Pen	1502
Solesmes	59571	Macron	689
Solre-le-Château	59572	Le Pen	442
Solre-le-Château	59572	Macron	387
Solrinnes	59573	Le Pen	42
Solrinnes	59573	Macron	24
Somain	59574	Le Pen	3583
Somain	59574	Macron	1901
Sommaing	59575	Macron	137
Sommaing	59575	Le Pen	131
Spycker	59576	Le Pen	703
Spycker	59576	Macron	429
Staple	59577	Macron	213
Staple	59577	Le Pen	176
Steenbecque	59578	Macron	495
Steenbecque	59578	Le Pen	495
Steene	59579	Le Pen	484
Steene	59579	Macron	333
Steenvoorde	59580	Macron	1266
Steenvoorde	59580	Le Pen	1149
Steenwerck	59581	Macron	1139
Steenwerck	59581	Le Pen	950
Strazeele	59582	Le Pen	271
Strazeele	59582	Macron	222
Sémeries	59562	Le Pen	195
Sémeries	59562	Macron	125
Séranvillers-Forenville	59567	Le Pen	138
Séranvillers-Forenville	59567	Macron	82
Taisnières-en-Thiérache	59583	Le Pen	175
Taisnières-en-Thiérache	59583	Macron	99
Taisnières-sur-Hon	59584	Le Pen	214
Taisnières-sur-Hon	59584	Macron	195
Templemars	59585	Macron	1196
Templemars	59585	Le Pen	805
Templeuve-en-Pévèle	59586	Macron	2474
Templeuve-en-Pévèle	59586	Le Pen	1444
Terdeghem	59587	Macron	183
Terdeghem	59587	Le Pen	144
Thiant	59589	Le Pen	909
Thiant	59589	Macron	486
Thiennes	59590	Le Pen	292
Thiennes	59590	Macron	201
Thivencelle	59591	Le Pen	313
Thivencelle	59591	Macron	109
Thumeries	59592	Le Pen	1213
Thumeries	59592	Macron	1112
Thun-Saint-Amand	59594	Le Pen	287
Thun-Saint-Amand	59594	Macron	246
Thun-Saint-Martin	59595	Le Pen	176
Thun-Saint-Martin	59595	Macron	150
Thun-l'Evêque	59593	Le Pen	243
Thun-l'Evêque	59593	Macron	181
Tilloy-lez-Cambrai	59597	Macron	238
Tilloy-lez-Cambrai	59597	Le Pen	206
Tilloy-lez-Marchiennes	59596	Macron	208
Tilloy-lez-Marchiennes	59596	Le Pen	156
Toufflers	59598	Macron	1341
Toufflers	59598	Le Pen	1004
Tourcoing	59599	Macron	20170
Tourcoing	59599	Le Pen	14135
Tourmignies	59600	Macron	361
Tourmignies	59600	Le Pen	203
Tressin	59602	Macron	603
Tressin	59602	Le Pen	229
Trith-Saint-Léger	59603	Le Pen	2039
Trith-Saint-Léger	59603	Macron	1005
Troisvilles	59604	Le Pen	285
Troisvilles	59604	Macron	125
Trélon	59601	Le Pen	792
Trélon	59601	Macron	412
Téteghem-Coudekerque-Village	59588	Macron	2925
Téteghem-Coudekerque-Village	59588	Le Pen	2290
Uxem	59605	Macron	430
Uxem	59605	Le Pen	428
Valenciennes	59606	Macron	9359
Valenciennes	59606	Le Pen	6864
Vendegies-au-Bois	59607	Le Pen	162
Vendegies-au-Bois	59607	Macron	121
Vendegies-sur-Ecaillon	59608	Le Pen	333
Vendegies-sur-Ecaillon	59608	Macron	292
Vendeville	59609	Macron	649
Vendeville	59609	Le Pen	375
Verchain-Maugré	59610	Le Pen	345
Verchain-Maugré	59610	Macron	250
Verlinghem	59611	Macron	1182
Verlinghem	59611	Le Pen	415
Vertain	59612	Le Pen	173
Vertain	59612	Macron	150
Vicq	59613	Le Pen	421
Vicq	59613	Macron	223
Viesly	59614	Le Pen	526
Viesly	59614	Macron	219
Vieux-Berquin	59615	Le Pen	786
Vieux-Berquin	59615	Macron	710
Vieux-Condé	59616	Le Pen	3154
Vieux-Condé	59616	Macron	1533
Vieux-Mesnil	59617	Le Pen	196
Vieux-Mesnil	59617	Macron	140
Vieux-Reng	59618	Le Pen	297
Vieux-Reng	59618	Macron	128
Villeneuve-d'Ascq	59009	Macron	18542
Villeneuve-d'Ascq	59009	Le Pen	6892
Villereau	59619	Le Pen	280
Villereau	59619	Macron	254
Villers-Guislain	59623	Le Pen	306
Villers-Guislain	59623	Macron	112
Villers-Outréaux	59624	Le Pen	668
Villers-Outréaux	59624	Macron	397
Villers-Plouich	59625	Le Pen	129
Villers-Plouich	59625	Macron	92
Villers-Pol	59626	Macron	406
Villers-Pol	59626	Le Pen	300
Villers-Sire-Nicole	59627	Le Pen	308
Villers-Sire-Nicole	59627	Macron	180
Villers-au-Tertre	59620	Le Pen	196
Villers-au-Tertre	59620	Macron	182
Villers-en-Cauchies	59622	Le Pen	423
Villers-en-Cauchies	59622	Macron	200
Volckerinckhove	59628	Macron	175
Volckerinckhove	59628	Le Pen	168
Vred	59629	Le Pen	437
Vred	59629	Macron	303
Wahagnies	59630	Le Pen	737
Wahagnies	59630	Macron	696
Walincourt-Selvigny	59631	Le Pen	640
Walincourt-Selvigny	59631	Macron	367
Wallers	59632	Le Pen	1718
Wallers	59632	Macron	1019
Wallers-en-Fagne	59633	Le Pen	93
Wallers-en-Fagne	59633	Macron	46
Wallon-Cappel	59634	Macron	320
Wallon-Cappel	59634	Le Pen	217
Wambaix	59635	Macron	111
Wambaix	59635	Le Pen	110
Wambrechies	59636	Macron	4007
Wambrechies	59636	Le Pen	2028
Wandignies-Hamage	59637	Le Pen	393
Wandignies-Hamage	59637	Macron	346
Wannehain	59638	Macron	417
Wannehain	59638	Le Pen	320
Wargnies-le-Grand	59639	Le Pen	340
Wargnies-le-Grand	59639	Macron	312
Wargnies-le-Petit	59640	Le Pen	260
Wargnies-le-Petit	59640	Macron	177
Warhem	59641	Le Pen	640
Warhem	59641	Macron	611
Warlaing	59642	Macron	186
Warlaing	59642	Le Pen	146
Warneton	59643	Macron	82
Warneton	59643	Le Pen	65
Wasnes-au-Bac	59645	Le Pen	229
Wasnes-au-Bac	59645	Macron	133
Wasquehal	59646	Macron	7522
Wasquehal	59646	Le Pen	3273
Watten	59647	Le Pen	977
Watten	59647	Macron	418
Wattignies	59648	Macron	4127
Wattignies	59648	Le Pen	2119
Wattignies-la-Victoire	59649	Macron	94
Wattignies-la-Victoire	59649	Le Pen	74
Wattrelos	59650	Le Pen	9044
Wattrelos	59650	Macron	8100
Wavrechain-sous-Denain	59651	Le Pen	524
Wavrechain-sous-Denain	59651	Macron	221
Wavrechain-sous-Faulx	59652	Le Pen	173
Wavrechain-sous-Faulx	59652	Macron	77
Wavrin	59653	Macron	2222
Wavrin	59653	Le Pen	2013
Waziers	59654	Le Pen	1736
Waziers	59654	Macron	1257
Wemaers-Cappel	59655	Le Pen	75
Wemaers-Cappel	59655	Macron	55
Wervicq-Sud	59656	Macron	1413
Wervicq-Sud	59656	Le Pen	1060
West-Cappel	59657	Le Pen	197
West-Cappel	59657	Macron	171
Wicres	59658	Macron	177
Wicres	59658	Le Pen	100
Wignehies	59659	Le Pen	867
Wignehies	59659	Macron	441
Willems	59660	Macron	1059
Willems	59660	Le Pen	705
Willies	59661	Macron	33
Willies	59661	Le Pen	30
Winnezeele	59662	Le Pen	384
Winnezeele	59662	Macron	349
Wormhout	59663	Le Pen	1641
Wormhout	59663	Macron	1541
Wulverdinghe	59664	Le Pen	140
Wulverdinghe	59664	Macron	59
Wylder	59665	Le Pen	112
Wylder	59665	Macron	53
Zegerscappel	59666	Le Pen	500
Zegerscappel	59666	Macron	373
Zermezeele	59667	Macron	78
Zermezeele	59667	Le Pen	77
Zuydcoote	59668	Macron	446
Zuydcoote	59668	Le Pen	400
Zuytpeene	59669	Le Pen	153
Zuytpeene	59669	Macron	152
